"year","week","day","N","Users","AnyOutdoor","num.male","num.female","age.median","age.IQR","Rec","Peri","Other_outdoor","Unknown_risk","median.temp","num.rainy","rural","med.small.metro","large.metro","median.SH.index","median.cases","Garden","Mow_lawn","PicnicYard","YardPlay","Brush_clear","Job","ParkPlay","PicnicPark","Camp","Hike","Bike","Hike_Walk","month","percent.rural","percent.med.small.metro","percent.large.metro","percent.female","percent.rainy"
"2019",14,2019-04-08,1,1,1,0,1,50,0,1,1,0,0,9.460019315,0,0,1,0,NA,NA,1,0,0,0,0,0,0,0,0,0,0,0,"4",NA,NA,NA,NA,NA
"2019",15,2019-04-09,1,1,1,0,1,59,0,1,0,0,0,8.638320669,0,0,0,1,NA,NA,0,0,0,0,0,0,0,0,0,1,0,1,"4",NA,NA,NA,NA,NA
"2019",15,2019-04-10,1,1,0,1,0,58,0,0,0,0,0,4.45763779,1,0,1,0,NA,NA,0,0,0,0,0,0,0,0,0,0,0,0,"4",NA,NA,NA,NA,NA
"2019",15,2019-04-11,1,1,0,1,0,58,0,1,0,0,0,7.23263034,1,0,1,0,NA,NA,0,0,0,0,0,0,0,0,0,1,0,1,"4",NA,NA,NA,NA,NA
"2019",15,2019-04-13,1,1,1,0,1,32,0,0,1,0,0,16.09140474,0,1,0,0,NA,NA,0,0,0,0,1,0,0,0,0,0,0,0,"4",NA,NA,NA,NA,NA
"2019",15,2019-04-14,3,3,2,2,1,39,13,1,1,0,0,12.67550149,3,1,1,1,NA,NA,1,0,0,0,0,0,0,0,0,1,0,1,"4",NA,NA,NA,NA,NA
"2019",15,2019-04-15,2,2,1,1,1,45,13,0,0,0,1,5.2776290015,0,1,1,0,NA,NA,0,0,0,0,0,0,0,0,0,0,0,0,"4",NA,NA,NA,NA,NA
"2019",16,2019-04-16,2,2,2,1,1,45,13,0,1,1,0,12.897281675,0,1,1,0,NA,NA,0,0,0,0,0,0,0,0,0,0,0,0,"4",NA,NA,NA,NA,NA
"2019",16,2019-04-17,3,3,1,2,1,58,16.5,1,0,0,1,13.92623615,0,1,2,0,NA,NA,0,0,0,0,0,0,0,0,0,1,0,1,"4",NA,NA,NA,NA,NA
"2019",16,2019-04-18,4,4,4,3,1,57.5,9,2,2,0,0,13.35948963,1,1,3,0,NA,NA,1,0,0,0,0,0,0,0,0,2,0,2,"4",NA,NA,NA,NA,NA
"2019",16,2019-04-19,4,4,3,2,2,57.5,10,1,2,0,0,11.994622073,2,1,2,1,NA,NA,2,1,0,0,0,0,0,0,0,1,0,1,"4",NA,NA,NA,NA,NA
"2019",16,2019-04-20,7,7,6,4,3,57,18,2,5,0,1,14.09005579,3,2,4,1,NA,NA,3,1,0,0,1,0,0,0,0,2,0,2,"4",0.285714285714286,0.571428571428571,0.142857142857143,0.428571428571429,0.428571428571429
"2019",16,2019-04-21,8,8,4,5,3,53.5,24,2,2,0,2,10.727511084,1,2,5,1,NA,NA,2,0,0,0,1,0,0,0,0,1,0,1,"4",0.25,0.625,0.125,0.375,0.125
"2019",16,2019-04-22,8,8,6,5,3,44.5,24,4,5,0,0,13.22326872,1,2,4,2,NA,NA,3,0,0,1,0,0,0,0,0,2,0,2,"4",0.25,0.5,0.25,0.375,0.125
"2019",17,2019-04-23,5,5,4,3,2,58,33,1,3,0,0,15.87225324,1,1,3,1,NA,NA,2,0,0,1,0,0,0,0,0,0,0,0,"4",0.2,0.6,0.2,0.4,0.2
"2019",17,2019-04-24,8,8,8,5,3,38,24,3,6,0,1,12.820170715,0,3,3,2,NA,NA,3,0,0,1,0,1,0,0,0,2,0,2,"4",0.375,0.375,0.25,0.375,0
"2019",17,2019-04-25,6,6,2,3,3,60.5,22.25,1,1,0,0,13.291647275,5,2,3,1,NA,NA,0,0,0,0,1,0,0,0,0,0,0,0,"4",0.333333333333333,0.5,0.166666666666667,0.5,0.833333333333333
"2019",17,2019-04-26,9,8,5,5,4,37,31,2,3,0,0,10.20387849,7,4,4,1,NA,NA,1,0,0,1,0,0,0,0,0,1,0,1,"4",0.444444444444444,0.444444444444444,0.111111111111111,0.444444444444444,0.777777777777778
"2019",17,2019-04-27,3,3,2,2,1,58,20.5,1,1,0,0,3.339359255,2,0,2,1,NA,NA,0,0,0,0,1,0,0,0,0,0,0,0,"4",NA,NA,NA,NA,NA
"2019",17,2019-04-28,7,7,5,4,3,38,27,1,3,0,2,6.18206079,3,2,4,1,NA,NA,2,0,0,0,0,0,0,0,0,1,0,1,"4",0.285714285714286,0.571428571428571,0.142857142857143,0.428571428571429,0.428571428571429
"2019",17,2019-04-29,6,6,4,4,2,37.5,5.5,0,3,0,1,8.5210202595,2,2,4,0,NA,NA,2,0,0,1,0,0,0,0,0,0,0,0,"4",0.333333333333333,0.666666666666667,0,0.333333333333333,0.333333333333333
"2019",18,2019-04-30,6,6,4,4,2,37.5,25,1,2,0,0,14.144683705,3,2,3,1,NA,NA,0,1,0,0,1,0,0,0,0,1,0,1,"4",0.333333333333333,0.5,0.166666666666667,0.333333333333333,0.5
"2019",18,2019-05-01,6,6,2,3,3,44,27.75,1,0,0,1,12.340047905,0,1,4,1,NA,NA,0,0,0,0,0,0,0,0,0,1,0,1,"5",0.166666666666667,0.666666666666667,0.166666666666667,0.5,0
"2019",18,2019-05-02,7,7,3,3,4,50,32,2,1,0,1,14.70993168,1,2,4,1,NA,NA,0,0,0,0,1,0,0,0,0,1,1,1,"5",0.285714285714286,0.571428571428571,0.142857142857143,0.571428571428571,0.142857142857143
"2019",18,2019-05-03,10,10,7,6,4,57.5,24.25,3,6,0,0,14.41470628,4,4,5,1,NA,NA,3,2,0,0,0,0,0,0,0,2,0,2,"5",0.4,0.5,0.1,0.4,0.4
"2019",18,2019-05-04,12,12,11,6,6,56.5,16.5,5,7,1,2,13.668677735,4,4,7,1,NA,NA,4,1,2,0,0,0,0,0,1,5,0,5,"5",0.333333333333333,0.583333333333333,0.0833333333333333,0.5,0.333333333333333
"2019",18,2019-05-05,10,10,9,5,5,59.5,28.75,7,4,0,0,14.18077107,7,5,4,1,NA,NA,1,2,0,0,1,0,0,0,1,5,1,5,"5",0.5,0.4,0.1,0.5,0.7
"2019",18,2019-05-06,14,14,13,9,5,60,23,8,7,1,2,15.006331035,3,5,6,3,NA,NA,2,2,1,0,1,0,0,0,0,5,0,5,"5",0.357142857142857,0.428571428571429,0.214285714285714,0.357142857142857,0.214285714285714
"2019",19,2019-05-07,12,12,9,7,5,60,14.5,3,5,1,1,15.16318645,2,3,5,4,NA,NA,3,1,0,0,1,0,0,0,0,2,0,2,"5",0.25,0.416666666666667,0.333333333333333,0.416666666666667,0.166666666666667
"2019",19,2019-05-08,9,9,4,5,4,62,8,3,1,0,1,14.33840283,3,3,4,2,NA,NA,0,1,0,0,0,0,0,0,0,3,0,3,"5",0.333333333333333,0.444444444444444,0.222222222222222,0.444444444444444,0.333333333333333
"2019",19,2019-05-09,12,12,9,9,3,62.5,12.5,7,1,0,1,15.528529115,6,3,6,3,NA,NA,1,0,0,0,0,0,0,1,0,6,0,6,"5",0.25,0.5,0.25,0.25,0.5
"2019",19,2019-05-10,11,11,7,8,3,57,15.5,7,2,0,0,14.38541038,4,3,6,2,NA,NA,2,0,0,0,0,0,0,0,0,5,0,5,"5",0.272727272727273,0.545454545454545,0.181818181818182,0.272727272727273,0.363636363636364
"2019",19,2019-05-11,10,10,10,6,4,59,11,6,7,0,2,11.306050805,6,3,5,2,NA,NA,3,3,0,0,1,0,0,1,0,4,0,4,"5",0.3,0.5,0.2,0.4,0.6
"2019",19,2019-05-12,14,14,11,8,5,60,21.25,6,6,0,1,7.7300221935,10,6,4,4,NA,NA,1,0,1,0,2,0,0,0,1,3,0,3,"5",0.428571428571429,0.285714285714286,0.285714285714286,0.357142857142857,0.714285714285714
"2019",19,2019-05-13,12,12,8,8,4,60,10.5,3,6,0,1,8.8705286885,6,6,4,2,NA,NA,3,3,0,0,0,0,0,0,1,3,0,3,"5",0.5,0.333333333333333,0.166666666666667,0.333333333333333,0.5
"2019",20,2019-05-14,13,13,9,10,3,60,9,8,2,0,0,8.822617521,1,4,6,3,NA,NA,2,0,0,0,0,0,0,1,1,5,0,5,"5",0.307692307692308,0.461538461538462,0.230769230769231,0.230769230769231,0.0769230769230769
"2019",20,2019-05-15,11,11,11,9,2,57,11,6,8,0,0,14.41018106,1,3,6,2,NA,NA,3,4,1,1,0,0,0,0,1,4,1,4,"5",0.272727272727273,0.545454545454545,0.181818181818182,0.181818181818182,0.0909090909090909
"2019",20,2019-05-16,9,9,8,8,1,58,18,4,6,0,1,17.06854745,3,4,4,1,NA,NA,4,4,1,0,0,0,0,0,1,3,0,3,"5",0.444444444444444,0.444444444444444,0.111111111111111,0.111111111111111,0.333333333333333
"2019",20,2019-05-17,10,10,7,7,3,55,24,4,2,1,0,16.916113455,4,3,5,2,NA,NA,1,0,0,1,0,0,0,0,1,2,0,2,"5",0.3,0.5,0.2,0.3,0.4
"2019",20,2019-05-18,8,8,7,5,3,57,30,5,2,0,0,19.74893552,1,3,4,1,NA,NA,1,1,0,0,0,0,0,0,0,3,0,3,"5",0.375,0.5,0.125,0.375,0.125
"2019",20,2019-05-19,9,9,8,4,5,62,15,4,4,0,1,21.94324554,8,3,4,2,NA,NA,2,2,0,0,0,0,0,0,0,4,0,4,"5",0.333333333333333,0.444444444444444,0.222222222222222,0.555555555555556,0.888888888888889
"2019",20,2019-05-20,10,10,9,5,4,60,12.5,5,4,0,4,12.992792545,0,4,5,1,NA,NA,2,3,0,0,1,0,0,0,0,5,0,5,"5",0.4,0.5,0.1,0.4,0
"2019",21,2019-05-21,11,11,8,6,5,57,23.5,6,4,0,2,11.51321362,3,4,5,2,NA,NA,1,2,0,0,1,0,0,0,0,4,0,4,"5",0.363636363636364,0.454545454545455,0.181818181818182,0.454545454545455,0.272727272727273
"2019",21,2019-05-22,12,12,10,7,5,56.5,23.5,6,5,0,3,16.67341926,5,4,5,3,NA,NA,2,0,0,0,2,0,1,0,0,4,0,4,"5",0.333333333333333,0.416666666666667,0.25,0.416666666666667,0.416666666666667
"2019",21,2019-05-23,11,11,9,8,3,57,10.5,6,3,0,3,17.64470867,7,2,5,4,NA,NA,0,3,0,0,0,0,0,0,0,5,0,5,"5",0.181818181818182,0.454545454545455,0.363636363636364,0.272727272727273,0.636363636363636
"2019",21,2019-05-24,12,11,11,8,4,57,25.75,5,8,0,1,16.90882985,5,4,5,3,NA,NA,3,3,2,0,0,0,0,1,0,4,0,4,"5",0.333333333333333,0.416666666666667,0.25,0.333333333333333,0.416666666666667
"2019",21,2019-05-25,16,16,15,11,5,57,24.5,10,9,1,1,20.214135235,7,5,7,4,NA,NA,4,3,3,1,1,0,0,0,0,9,0,9,"5",0.3125,0.4375,0.25,0.3125,0.4375
"2019",21,2019-05-26,14,14,13,8,5,55,26,10,6,0,4,19.62379887,6,3,6,5,NA,NA,3,2,4,0,2,0,0,0,1,10,0,10,"5",0.214285714285714,0.428571428571429,0.357142857142857,0.357142857142857,0.428571428571429
"2019",21,2019-05-27,13,13,13,9,4,59,11,9,7,0,1,18.11832991,10,2,7,4,NA,NA,2,3,1,1,1,0,0,2,1,6,0,6,"5",0.153846153846154,0.538461538461538,0.307692307692308,0.307692307692308,0.769230769230769
"2019",22,2019-05-28,19,19,13,12,7,56,22.5,9,6,0,2,15.93810746,10,4,9,6,NA,NA,4,4,0,0,0,0,1,0,0,8,0,8,"5",0.210526315789474,0.473684210526316,0.315789473684211,0.368421052631579,0.526315789473684
"2019",22,2019-05-29,16,16,13,11,5,55.5,23.5,11,9,1,2,16.67911321,6,7,5,4,NA,NA,4,7,0,0,0,0,0,0,0,7,3,7,"5",0.4375,0.3125,0.25,0.3125,0.375
"2019",22,2019-05-30,24,23,19,14,10,55,26,13,8,1,4,17.80245715,10,10,6,8,NA,NA,4,4,4,0,0,0,0,0,1,11,1,11,"5",0.416666666666667,0.25,0.333333333333333,0.416666666666667,0.416666666666667
"2019",22,2019-05-31,31,31,25,14,17,56,32.5,16,12,0,5,20.42429931,5,9,12,10,NA,NA,6,3,4,0,0,0,0,1,0,15,0,15,"5",0.290322580645161,0.387096774193548,0.32258064516129,0.548387096774194,0.161290322580645
"2019",22,2019-06-01,31,31,25,17,14,54,26.5,18,16,0,0,16.98823763,19,10,11,10,NA,NA,8,6,4,0,2,0,0,4,0,14,1,14,"6",0.32258064516129,0.354838709677419,0.32258064516129,0.451612903225806,0.612903225806452
"2019",22,2019-06-02,33,33,24,16,16,50,26,15,11,3,1,14.35282458,6,9,14,10,NA,NA,7,2,1,0,1,0,0,1,1,11,6,11,"6",0.272727272727273,0.424242424242424,0.303030303030303,0.484848484848485,0.181818181818182
"2019",22,2019-06-03,36,36,29,17,18,47.5,28.25,16,13,3,7,14.3676679,0,10,14,12,NA,NA,7,7,2,0,2,1,0,0,1,13,0,13,"6",0.277777777777778,0.388888888888889,0.333333333333333,0.5,0
"2019",23,2019-06-04,34,34,25,15,19,51.5,25.75,18,9,2,4,19.20413574,26,10,14,10,NA,NA,6,3,0,0,1,0,0,2,1,14,1,14,"6",0.294117647058824,0.411764705882353,0.294117647058824,0.558823529411765,0.764705882352941
"2019",23,2019-06-05,38,38,31,18,20,53.5,27.75,22,14,0,6,20.51542632,8,12,18,8,NA,NA,11,4,1,0,0,0,1,1,0,17,2,17,"6",0.315789473684211,0.473684210526316,0.210526315789474,0.526315789473684,0.210526315789474
"2019",23,2019-06-06,35,33,23,13,20,53,29.5,13,12,0,7,19.43117867,0,10,15,10,NA,NA,6,3,4,0,0,0,0,1,0,9,1,9,"6",0.285714285714286,0.428571428571429,0.285714285714286,0.571428571428571,0
"2019",23,2019-06-07,38,38,27,17,21,51.5,31.25,15,20,0,1,20.40815857,0,9,17,12,NA,NA,11,7,10,0,0,0,0,1,0,14,1,14,"6",0.236842105263158,0.447368421052632,0.315789473684211,0.552631578947368,0
"2019",23,2019-06-08,40,40,33,18,21,53.5,27.5,20,22,2,3,21.70656278,0,10,18,12,NA,NA,7,7,11,0,2,0,0,3,4,14,2,14,"6",0.25,0.45,0.3,0.525,0
"2019",23,2019-06-09,35,35,25,15,19,54,30,18,14,1,2,18.93250522,12,9,16,10,NA,NA,6,3,5,0,0,0,0,3,3,10,1,10,"6",0.257142857142857,0.457142857142857,0.285714285714286,0.542857142857143,0.342857142857143
"2019",23,2019-06-10,34,34,23,14,20,55,28.25,13,10,1,4,15.62479673,11,10,13,11,NA,NA,7,5,2,0,0,0,1,1,1,10,2,10,"6",0.294117647058824,0.382352941176471,0.323529411764706,0.588235294117647,0.323529411764706
"2019",24,2019-06-11,38,38,24,14,24,56,28.5,17,7,2,4,17.86706434,17,11,18,9,NA,NA,3,5,1,0,0,1,0,2,1,12,2,12,"6",0.289473684210526,0.473684210526316,0.236842105263158,0.631578947368421,0.447368421052632
"2019",24,2019-06-12,35,35,18,14,20,56,27.5,12,8,0,2,12.73325057,25,14,14,7,NA,NA,3,3,0,0,1,1,0,0,0,10,0,10,"6",0.4,0.4,0.2,0.571428571428571,0.714285714285714
"2019",24,2019-06-13,38,38,28,16,21,55,25.75,20,14,0,2,14.354377115,16,14,14,10,NA,NA,8,6,0,0,1,0,1,1,1,14,4,14,"6",0.368421052631579,0.368421052631579,0.263157894736842,0.552631578947368,0.421052631578947
"2019",24,2019-06-14,36,36,23,17,19,57,26,11,15,2,1,17.64347701,9,13,11,12,NA,NA,6,8,2,0,1,0,0,0,1,8,0,8,"6",0.361111111111111,0.305555555555556,0.333333333333333,0.527777777777778,0.25
"2019",24,2019-06-15,39,39,27,17,22,58,24,18,18,0,3,17.68467335,21,15,12,12,NA,NA,13,5,1,0,2,0,0,0,2,14,0,14,"6",0.384615384615385,0.307692307692308,0.307692307692308,0.564102564102564,0.538461538461538
"2019",24,2019-06-16,37,37,21,17,19,58,24,14,7,1,1,13.84908964,17,14,11,12,NA,NA,3,3,4,0,0,0,0,1,1,11,1,11,"6",0.378378378378378,0.297297297297297,0.324324324324324,0.513513513513513,0.459459459459459
"2019",24,2019-06-17,39,39,27,19,20,59,26.5,14,21,1,5,17.64218833,6,16,10,13,NA,NA,15,6,4,0,1,0,1,0,1,11,0,11,"6",0.41025641025641,0.256410256410256,0.333333333333333,0.512820512820513,0.153846153846154
"2019",25,2019-06-18,45,45,34,20,25,56,24,24,20,1,3,19.35521189,18,14,18,13,NA,NA,16,3,2,0,3,0,1,2,2,17,2,17,"6",0.311111111111111,0.4,0.288888888888889,0.555555555555556,0.4
"2019",25,2019-06-19,39,39,25,17,21,58,25.5,13,18,0,1,17.53863,19,16,13,10,NA,NA,12,3,3,0,1,1,0,1,0,12,2,12,"6",0.41025641025641,0.333333333333333,0.256410256410256,0.538461538461538,0.487179487179487
"2019",25,2019-06-20,38,38,29,18,20,56,23.75,17,16,0,3,17.65299,11,16,13,9,NA,NA,11,6,0,0,1,0,1,2,2,13,3,13,"6",0.421052631578947,0.342105263157895,0.236842105263158,0.526315789473684,0.289473684210526
"2019",25,2019-06-21,39,38,29,16,23,56,26,18,15,1,4,17.28287,1,15,13,11,NA,NA,8,4,2,1,0,0,0,4,4,14,0,14,"6",0.384615384615385,0.333333333333333,0.282051282051282,0.58974358974359,0.0256410256410256
"2019",25,2019-06-22,37,36,32,16,21,58,24,18,19,2,8,18.89286,3,15,12,10,NA,NA,10,11,4,1,3,0,0,5,3,13,1,13,"6",0.405405405405405,0.324324324324324,0.27027027027027,0.567567567567568,0.0810810810810811
"2019",25,2019-06-23,33,33,29,14,19,60,15,13,19,0,7,19.75331,17,13,11,9,NA,NA,13,3,4,1,2,0,0,1,2,12,0,12,"6",0.393939393939394,0.333333333333333,0.272727272727273,0.575757575757576,0.515151515151515
"2019",25,2019-06-24,37,36,23,17,20,60,26,15,12,1,5,18.75677,28,15,13,9,NA,NA,5,5,0,0,3,1,0,0,0,9,1,9,"6",0.405405405405405,0.351351351351351,0.243243243243243,0.540540540540541,0.756756756756757
"2019",26,2019-06-25,29,29,22,10,19,61,11,14,9,1,3,20.9414,8,11,9,9,NA,NA,6,2,0,0,0,1,1,1,0,12,0,12,"6",0.379310344827586,0.310344827586207,0.310344827586207,0.655172413793103,0.275862068965517
"2019",26,2019-06-26,37,37,25,13,24,60,26,16,14,1,4,21.84551,0,15,11,11,NA,NA,5,5,2,1,2,0,0,0,0,11,1,11,"6",0.405405405405405,0.297297297297297,0.297297297297297,0.648648648648649,0
"2019",26,2019-06-27,37,37,23,15,21,60,26,12,13,1,1,23.06285,29,14,13,10,NA,NA,9,2,1,1,0,0,0,0,0,11,1,11,"6",0.378378378378378,0.351351351351351,0.27027027027027,0.567567567567568,0.783783783783784
"2019",26,2019-06-28,34,34,26,12,22,55,24.75,15,15,1,4,22.967535,13,14,12,8,NA,NA,8,3,2,1,1,0,0,0,0,10,2,10,"6",0.411764705882353,0.352941176470588,0.235294117647059,0.647058823529412,0.382352941176471
"2019",26,2019-06-29,30,30,21,11,19,55,23.75,11,16,0,3,24.10459,7,12,10,8,NA,NA,6,8,4,1,1,0,0,3,1,6,1,6,"6",0.4,0.333333333333333,0.266666666666667,0.633333333333333,0.233333333333333
"2019",26,2019-06-30,36,35,28,13,23,58.5,26.25,14,17,2,3,21.954265,26,12,16,8,NA,NA,8,5,4,1,0,0,0,1,0,8,2,8,"6",0.333333333333333,0.444444444444444,0.222222222222222,0.638888888888889,0.722222222222222
"2019",26,2019-07-01,38,38,28,13,24,59.5,28.5,14,13,1,5,24.41117,13,16,13,9,NA,NA,11,0,0,1,1,1,0,1,1,7,0,7,"7",0.421052631578947,0.342105263157895,0.236842105263158,0.631578947368421,0.342105263157895
"2019",27,2019-07-02,35,35,22,12,22,54,30,14,11,0,1,24.40236,22,14,14,7,NA,NA,3,3,2,0,1,1,1,0,1,9,0,9,"7",0.4,0.4,0.2,0.628571428571429,0.628571428571429
"2019",27,2019-07-03,27,27,19,9,18,56,26.5,11,11,0,4,23.84451,8,9,12,6,NA,NA,5,5,3,0,0,0,0,1,0,8,0,8,"7",0.333333333333333,0.444444444444444,0.222222222222222,0.666666666666667,0.296296296296296
"2019",27,2019-07-04,34,34,29,12,22,60,20,14,17,1,4,25.267,24,14,16,4,NA,NA,7,6,5,1,1,0,0,1,0,10,0,10,"7",0.411764705882353,0.470588235294118,0.117647058823529,0.647058823529412,0.705882352941177
"2019",27,2019-07-05,33,33,24,14,19,60,31,19,9,2,1,24.82548,21,11,15,7,NA,NA,5,1,3,0,0,0,0,2,1,15,0,15,"7",0.333333333333333,0.454545454545455,0.212121212121212,0.575757575757576,0.636363636363636
"2019",27,2019-07-06,32,31,24,13,19,57,27.25,12,15,1,2,20.08182,23,11,14,7,NA,NA,5,2,6,2,1,0,1,2,0,6,0,6,"7",0.34375,0.4375,0.21875,0.59375,0.71875
"2019",27,2019-07-07,34,34,25,12,22,59.5,16.25,16,12,1,3,20.13775,5,10,15,9,NA,NA,4,2,4,0,2,0,0,0,0,9,0,9,"7",0.294117647058824,0.441176470588235,0.264705882352941,0.647058823529412,0.147058823529412
"2019",27,2019-07-08,32,32,19,12,20,58.5,15,11,10,0,4,20.525925,3,12,12,8,NA,NA,5,2,1,1,1,0,0,0,0,11,0,11,"7",0.375,0.375,0.25,0.625,0.09375
"2019",28,2019-07-09,24,24,14,11,13,61,17.25,11,4,2,1,22.32995,5,9,7,8,NA,NA,3,2,0,0,0,0,1,1,0,8,1,8,"7",0.375,0.291666666666667,0.333333333333333,0.541666666666667,0.208333333333333
"2019",28,2019-07-10,27,27,18,10,17,62,15,10,7,2,3,24.65027,2,6,12,9,NA,NA,3,2,2,0,0,0,0,0,0,7,0,7,"7",0.222222222222222,0.444444444444444,0.333333333333333,0.62962962962963,0.0740740740740741
"2019",28,2019-07-11,31,31,23,13,18,61,14.5,9,14,1,1,19.84765,5,10,12,9,NA,NA,9,8,0,0,1,0,0,0,0,7,0,7,"7",0.32258064516129,0.387096774193548,0.290322580645161,0.580645161290323,0.161290322580645
"2019",28,2019-07-12,43,43,33,21,22,61,16,22,15,1,4,21.79283,5,17,17,9,NA,NA,12,7,2,0,0,1,0,1,1,15,1,15,"7",0.395348837209302,0.395348837209302,0.209302325581395,0.511627906976744,0.116279069767442
"2019",28,2019-07-13,47,47,37,26,21,60,24,23,18,0,2,22.89592,1,19,15,13,NA,NA,13,4,6,0,0,1,0,0,5,15,3,15,"7",0.404255319148936,0.319148936170213,0.276595744680851,0.446808510638298,0.0212765957446809
"2019",28,2019-07-14,39,39,30,21,18,60,12.5,16,17,1,6,22.41192,7,18,14,7,NA,NA,9,6,5,1,3,0,0,0,4,10,1,10,"7",0.461538461538462,0.358974358974359,0.179487179487179,0.461538461538462,0.179487179487179
"2019",28,2019-07-15,44,43,28,24,20,60,18,18,15,2,5,24.85483,8,16,17,11,NA,NA,9,6,0,0,2,1,1,0,0,9,0,9,"7",0.363636363636364,0.386363636363636,0.25,0.454545454545455,0.181818181818182
"2019",29,2019-07-16,47,47,36,23,23,60,16.5,19,24,0,6,24.58104,15,20,18,9,NA,NA,15,6,2,1,0,1,1,1,0,11,0,11,"7",0.425531914893617,0.382978723404255,0.191489361702128,0.48936170212766,0.319148936170213
"2019",29,2019-07-17,40,40,26,19,21,58,20.25,12,11,1,8,24.35768,27,15,16,9,NA,NA,5,3,1,1,2,0,0,1,0,9,0,9,"7",0.375,0.4,0.225,0.525,0.675
"2019",29,2019-07-18,42,42,24,22,20,62,15.5,14,12,2,2,24.97618,17,18,14,10,NA,NA,8,4,0,0,0,0,0,0,0,9,1,9,"7",0.428571428571429,0.333333333333333,0.238095238095238,0.476190476190476,0.404761904761905
"2019",29,2019-07-19,43,42,26,20,23,62,13.5,11,16,2,3,26.59805,15,12,18,13,NA,NA,11,5,4,0,2,0,0,1,1,5,1,5,"7",0.27906976744186,0.418604651162791,0.302325581395349,0.534883720930233,0.348837209302326
"2019",29,2019-07-20,46,44,33,21,25,59.5,16.75,20,19,3,5,26.55065,26,18,17,11,NA,NA,9,0,9,0,2,1,1,2,2,12,0,12,"7",0.391304347826087,0.369565217391304,0.239130434782609,0.543478260869565,0.565217391304348
"2019",29,2019-07-21,43,42,30,20,23,60,16.5,17,17,1,4,21.9889,11,18,14,11,NA,NA,7,4,6,0,2,1,0,1,2,7,0,7,"7",0.418604651162791,0.325581395348837,0.255813953488372,0.534883720930233,0.255813953488372
"2019",29,2019-07-22,41,41,27,19,22,61,12,14,17,3,2,19.10491,14,17,14,10,NA,NA,10,6,4,1,1,0,0,0,0,8,0,8,"7",0.414634146341463,0.341463414634146,0.24390243902439,0.536585365853659,0.341463414634146
"2019",30,2019-07-23,40,39,26,19,21,60.5,13,15,13,1,4,18.55816,10,15,16,9,NA,NA,5,5,1,0,1,0,1,1,0,9,0,9,"7",0.375,0.4,0.225,0.525,0.25
"2019",30,2019-07-24,36,36,29,18,18,61,20.25,13,20,0,2,19.699705,0,13,16,7,NA,NA,12,5,2,0,2,0,0,1,0,7,0,7,"7",0.361111111111111,0.444444444444444,0.194444444444444,0.5,0
"2019",30,2019-07-25,40,39,30,18,22,62,17.5,16,16,1,3,21.591005,1,14,19,7,NA,NA,9,7,0,0,1,0,1,1,0,12,0,12,"7",0.35,0.475,0.175,0.55,0.025
"2019",30,2019-07-26,39,39,31,15,24,62,15,16,18,2,3,22.53021,2,15,16,8,NA,NA,10,5,3,0,3,0,0,1,1,11,1,11,"7",0.384615384615385,0.41025641025641,0.205128205128205,0.615384615384615,0.0512820512820513
"2019",30,2019-07-27,38,38,36,22,16,62,13.25,19,23,2,5,23.69958,4,14,15,9,NA,NA,15,4,6,0,2,0,0,2,1,11,1,11,"7",0.368421052631579,0.394736842105263,0.236842105263158,0.421052631578947,0.105263157894737
"2019",30,2019-07-28,38,38,31,19,18,60,13.5,20,14,2,3,24.00595,18,16,14,8,NA,NA,10,5,2,1,0,1,0,3,2,11,2,11,"7",0.421052631578947,0.368421052631579,0.210526315789474,0.473684210526316,0.473684210526316
"2019",30,2019-07-29,34,34,18,14,20,60,15.5,12,10,2,3,22.414615,6,13,15,6,NA,NA,5,2,2,1,3,1,0,0,0,7,0,7,"7",0.382352941176471,0.441176470588235,0.176470588235294,0.588235294117647,0.176470588235294
"2019",31,2019-07-30,41,41,29,20,20,62,16,14,21,0,4,20.63396,11,17,15,9,NA,NA,14,6,3,0,2,0,0,2,0,10,1,10,"7",0.414634146341463,0.365853658536585,0.219512195121951,0.48780487804878,0.268292682926829
"2020",14,2020-04-02,7,7,6,4,3,62,18,3,3,0,0,6.661282,3,4,2,1,16.0392553172756,8,1,1,0,0,2,0,0,0,0,3,0,3,"4",0.571428571428571,0.285714285714286,0.142857142857143,0.428571428571429,0.428571428571429
"2020",14,2020-04-03,9,9,8,6,3,56,35,1,5,0,0,7.809323,1,6,3,0,10.4095929796173,9,1,0,0,0,3,0,0,0,0,1,0,1,"4",0.666666666666667,0.333333333333333,0,0.333333333333333,0.111111111111111
"2020",14,2020-04-04,9,9,8,5,4,58,21,3,3,0,1,8.059407,0,5,4,0,10.5194178463223,10,1,0,0,1,1,0,0,0,0,2,0,3,"4",0.555555555555556,0.444444444444444,0,0.444444444444444,0
"2020",14,2020-04-05,8,8,7,3,5,63,15.75,4,3,0,2,6.2727055,1,4,4,0,18.5084378739926,16,2,0,1,0,0,0,0,0,0,2,0,3,"4",0.5,0.5,0,0.625,0.125
"2020",14,2020-04-06,10,10,10,7,3,65,25.5,2,8,0,2,6.792171,2,5,5,0,17.2061009524031,13,2,1,0,2,3,0,0,0,0,1,0,1,"4",0.5,0.5,0,0.3,0.2
"2020",14,2020-04-07,9,9,8,6,3,68,15,1,6,0,1,8.343891,4,5,4,0,12.9760456153449,17,3,0,0,1,2,0,0,0,0,0,0,0,"4",0.555555555555556,0.444444444444444,0,0.333333333333333,0.444444444444444
"2020",15,2020-04-08,7,7,6,4,3,67,22,2,3,0,1,6.396058,0,5,2,0,10.9488547971601,15,2,1,1,0,0,0,0,0,0,0,1,0,"4",0.714285714285714,0.285714285714286,0,0.428571428571429,0
"2020",15,2020-04-09,8,8,6,5,3,70,7,1,4,0,0,3.123121,5,4,4,0,10.733967842263,16.5,2,0,0,1,0,0,1,0,0,0,0,0,"4",0.5,0.5,0,0.375,0.625
"2020",15,2020-04-10,8,8,6,5,3,68,14.75,2,3,1,0,2.581576,4,2,4,2,18.2588811400469,193,1,0,0,1,1,0,1,0,0,0,1,0,"4",0.25,0.5,0.25,0.375,0.5
"2020",15,2020-04-11,11,11,9,7,4,68,7,2,6,0,1,4.383982,5,3,6,2,14.7595437342197,99,1,1,0,0,3,0,0,0,0,1,1,1,"4",0.272727272727273,0.545454545454545,0.181818181818182,0.363636363636364,0.454545454545455
"2020",15,2020-04-12,11,11,9,7,4,70,10,2,6,0,1,6.791987,5,6,4,1,12.7863769705849,21,0,0,2,1,1,0,0,0,0,1,0,1,"4",0.545454545454545,0.363636363636364,0.0909090909090909,0.363636363636364,0.454545454545455
"2020",15,2020-04-13,9,9,5,6,3,70,11,0,2,1,0,9.100186,6,4,4,1,20.6206575467625,22,0,0,0,1,0,0,0,0,0,0,0,0,"4",0.444444444444444,0.444444444444444,0.111111111111111,0.333333333333333,0.666666666666667
"2020",15,2020-04-14,10,10,9,6,4,69,9,2,7,0,1,3.4209515,0,4,5,1,16.9431258933849,73.5,2,0,0,0,2,0,1,0,0,0,0,0,"4",0.4,0.5,0.1,0.4,0
"2020",16,2020-04-15,5,5,5,4,1,73,13,1,5,0,1,1.344665,0,3,2,0,10.7211382248585,19,1,1,0,0,0,0,0,0,0,0,0,0,"4",0.6,0.4,0,0.2,0
"2020",16,2020-04-16,8,8,6,4,4,69,13.25,1,5,0,1,1.11686035,0,5,3,0,9.49400702212263,16.5,2,0,0,1,2,0,1,0,0,0,0,0,"4",0.625,0.375,0,0.5,0
"2020",16,2020-04-17,9,9,8,5,4,62,31,3,5,0,1,2.776557,3,5,4,0,12.9817090551955,20,2,0,2,1,2,0,1,0,0,1,1,1,"4",0.555555555555556,0.444444444444444,0,0.444444444444444,0.333333333333333
"2020",16,2020-04-18,6,6,5,3,3,65,28.5,2,2,0,0,2.3516905,0,3,2,1,10.2109594173239,104,2,0,0,1,1,0,1,0,0,0,0,0,"4",0.5,0.333333333333333,0.166666666666667,0.5,0
"2020",16,2020-04-19,9,9,7,4,5,62,29,1,5,0,1,7.74973,1,5,4,0,11.9950875079837,25,4,0,0,0,4,0,0,0,0,0,0,0,"4",0.555555555555556,0.444444444444444,0,0.555555555555556,0.111111111111111
"2020",16,2020-04-20,11,11,11,5,6,63,10,2,7,0,1,5.794034,5,5,6,0,15.9923271270714,42,4,0,0,1,3,0,1,0,0,0,0,0,"4",0.454545454545455,0.545454545454545,0,0.545454545454545,0.454545454545455
"2020",16,2020-04-21,9,9,9,5,4,68,11,2,5,0,1,3.567966,3,4,5,0,12.1184614796161,225,3,0,1,0,2,0,1,0,0,0,0,1,"4",0.444444444444444,0.555555555555556,0,0.444444444444444,0.333333333333333
"2020",17,2020-04-22,12,12,9,4,8,62,17.5,2,4,0,3,3.6547595,2,5,6,1,12.7831447982469,36,2,1,0,1,1,0,1,0,0,0,1,1,"4",0.416666666666667,0.5,0.0833333333333333,0.666666666666667,0.166666666666667
"2020",17,2020-04-23,8,8,8,3,5,65,18.5,1,4,0,2,4.2247935,2,4,2,2,10.3966204969288,59,2,0,0,0,3,0,0,0,0,0,0,0,"4",0.5,0.25,0.25,0.625,0.25
"2020",17,2020-04-24,12,12,11,5,7,66,10.25,1,6,0,2,6.583469,1,5,5,2,8.96555802563982,91,3,0,1,1,3,0,0,0,0,0,0,2,"4",0.416666666666667,0.416666666666667,0.166666666666667,0.583333333333333,0.0833333333333333
"2020",17,2020-04-25,19,18,16,9,10,64,17.5,4,14,0,5,7.313148,2,8,7,4,9.25497535049577,92,8,0,1,1,10,0,2,0,0,0,0,4,"4",0.421052631578947,0.368421052631579,0.210526315789474,0.526315789473684,0.105263157894737
"2020",17,2020-04-26,18,18,15,7,11,62,13.75,4,13,0,1,8.0059545,8,6,7,5,9.38187076226052,92,6,0,3,3,5,0,2,0,0,0,0,2,"4",0.333333333333333,0.388888888888889,0.277777777777778,0.611111111111111,0.444444444444444
"2020",17,2020-04-27,17,17,13,6,11,62,17,4,8,0,2,8.365401,11,8,5,4,12.2339375244286,46,2,0,5,3,2,0,2,0,0,0,0,2,"4",0.470588235294118,0.294117647058824,0.235294117647059,0.647058823529412,0.647058823529412
"2020",17,2020-04-28,15,15,11,5,10,62,16,4,6,0,2,8.669591,8,6,7,2,10.1537491238733,46,2,0,0,2,2,0,0,0,0,2,1,3,"4",0.4,0.466666666666667,0.133333333333333,0.666666666666667,0.533333333333333
"2020",18,2020-04-29,10,10,8,4,6,67.5,7,0,4,2,1,9.175545,3,4,4,2,9.04058089245774,100.5,2,0,0,1,4,0,0,0,0,0,0,0,"4",0.4,0.4,0.2,0.6,0.3
"2020",18,2020-04-30,15,15,13,7,8,62,10.5,1,10,3,0,8.213764,7,7,7,1,9.21923848615997,49,5,0,2,1,3,0,1,0,0,0,0,0,"4",0.466666666666667,0.466666666666667,0.0666666666666667,0.533333333333333,0.466666666666667
"2020",18,2020-05-01,15,15,11,8,7,64,21.5,3,5,4,2,11.284,3,6,6,3,10.1281317476612,99,2,0,1,0,2,0,0,0,0,0,2,0,"5",0.4,0.4,0.2,0.466666666666667,0.2
"2020",18,2020-05-02,23,23,22,8,15,62,18.5,4,21,7,1,15.16096,1,10,8,5,10.2718141571265,100,13,3,4,3,7,0,1,0,0,0,3,0,"5",0.434782608695652,0.347826086956522,0.217391304347826,0.652173913043478,0.0434782608695652
"2020",18,2020-05-03,22,22,21,7,15,60,28.75,1,19,7,1,12.07469,0,8,9,5,9.48050903008062,76.5,6,1,6,4,8,0,0,0,0,0,0,0,"5",0.363636363636364,0.409090909090909,0.227272727272727,0.681818181818182,0
"2020",18,2020-05-04,17,17,14,9,8,62,17,3,10,5,0,8.168978,0,7,8,2,15.3636561552544,104,3,0,2,2,7,0,1,0,0,0,1,0,"5",0.411764705882353,0.470588235294118,0.117647058823529,0.470588235294118,0
"2020",18,2020-05-05,13,13,12,6,7,61,18,4,8,3,1,5.704418,0,7,5,1,11.5751878825813,42,3,0,1,1,4,0,1,0,0,2,0,2,"5",0.538461538461538,0.384615384615385,0.0769230769230769,0.538461538461538,0
"2020",19,2020-05-06,18,18,17,9,9,60,16.5,2,12,5,2,8.294304,2,9,8,1,9.06147445110925,52,6,2,0,0,5,0,1,0,0,1,0,1,"5",0.5,0.444444444444444,0.0555555555555556,0.5,0.111111111111111
"2020",19,2020-05-07,14,14,11,4,10,61.5,21.75,0,8,5,0,8.1235765,0,6,5,3,10.9195253273687,110,6,1,1,0,3,0,0,0,0,0,0,0,"5",0.428571428571429,0.357142857142857,0.214285714285714,0.714285714285714,0
"2020",19,2020-05-08,11,11,10,3,8,59,17.5,0,8,5,1,1.781828,5,3,4,4,11.345569496568,307,4,2,1,1,2,1,0,0,0,0,0,0,"5",0.272727272727273,0.363636363636364,0.363636363636364,0.727272727272727,0.454545454545455
"2020",19,2020-05-09,18,18,14,9,9,60,15.75,2,7,5,0,4.647987,4,9,6,3,7.7215380422895,96.5,4,0,0,1,3,0,1,0,0,0,0,0,"5",0.5,0.333333333333333,0.166666666666667,0.5,0.222222222222222
"2020",19,2020-05-10,14,14,11,7,7,63,10.75,0,8,4,0,5.6105125,3,6,7,1,9.18594352594732,98.5,3,1,2,2,2,0,0,0,0,0,0,0,"5",0.428571428571429,0.5,0.0714285714285714,0.5,0.214285714285714
"2020",19,2020-05-11,18,18,13,6,12,62,16.75,1,8,3,1,5.272245,7,7,8,3,12.3882589586724,114,4,1,1,1,2,0,0,0,0,1,0,1,"5",0.388888888888889,0.444444444444444,0.166666666666667,0.666666666666667,0.388888888888889
"2020",19,2020-05-12,21,20,19,6,15,62,20,2,14,3,0,5.821369,0,9,7,5,12.0165945709071,119,6,0,2,2,6,0,0,0,0,1,0,1,"5",0.428571428571429,0.333333333333333,0.238095238095238,0.714285714285714,0
"2020",20,2020-05-13,22,22,19,13,9,62.5,22.5,2,14,6,0,9.2963715,6,6,11,5,9.27246293553906,374.5,7,2,2,0,6,0,0,0,0,0,1,0,"5",0.272727272727273,0.5,0.227272727272727,0.409090909090909,0.272727272727273
"2020",20,2020-05-14,15,15,13,7,7,61,19.5,2,9,4,1,13.01719,6,6,5,4,9.24822775974566,113,4,0,1,2,4,0,1,0,0,1,0,1,"5",0.4,0.333333333333333,0.266666666666667,0.466666666666667,0.4
"2020",20,2020-05-15,16,15,16,6,10,61.5,20.5,1,13,7,0,13.151115,7,7,7,2,7.73995146864258,92,5,0,2,1,9,0,0,0,0,0,0,0,"5",0.4375,0.4375,0.125,0.625,0.4375
"2020",20,2020-05-16,15,15,15,8,7,61,15,3,12,5,0,12.98406,4,7,7,1,6.46444674541469,140,5,4,3,4,4,0,0,0,0,0,1,0,"5",0.466666666666667,0.466666666666667,0.0666666666666667,0.466666666666667,0.266666666666667
"2020",20,2020-05-17,17,17,15,7,10,67,12,1,9,4,0,13.28097,8,8,8,1,5.77049333821099,112,7,1,3,0,5,0,0,0,0,0,0,0,"5",0.470588235294118,0.470588235294118,0.0588235294117647,0.588235294117647,0.470588235294118
"2020",20,2020-05-18,14,13,13,6,8,66,19.25,0,7,4,2,11.827075,4,6,8,0,13.8623733053555,117.5,1,1,3,0,3,0,0,0,0,0,0,2,"5",0.428571428571429,0.571428571428571,0,0.571428571428571,0.285714285714286
"2020",20,2020-05-19,15,15,12,7,8,62,18.5,1,8,2,0,12.20038,0,7,5,3,9.63456555874156,70,4,0,3,1,2,0,0,0,0,1,0,1,"5",0.466666666666667,0.333333333333333,0.2,0.533333333333333,0
"2020",21,2020-05-20,19,19,19,7,11,63,17,1,15,7,2,13.8641,0,10,5,4,7.86092373205327,116,4,2,3,3,6,0,0,0,0,0,0,0,"5",0.526315789473684,0.263157894736842,0.210526315789474,0.578947368421053,0
"2020",21,2020-05-21,39,39,34,17,22,57,29,6,23,16,2,16.44462,2,14,19,6,6.6350217054626,171,15,5,7,3,7,0,1,0,0,0,0,1,"5",0.358974358974359,0.487179487179487,0.153846153846154,0.564102564102564,0.0512820512820513
"2020",21,2020-05-22,37,36,34,16,21,60,19,2,23,15,1,17.08887,3,10,21,6,6.273409561735,331,10,2,7,5,5,0,1,0,0,0,0,1,"5",0.27027027027027,0.567567567567568,0.162162162162162,0.567567567567568,0.0810810810810811
"2020",21,2020-05-23,31,31,30,14,16,61,30,5,25,11,1,18.16737,14,13,13,5,2.8769729929068,77,14,5,4,7,6,0,1,0,0,0,3,0,"5",0.419354838709677,0.419354838709677,0.161290322580645,0.516129032258065,0.451612903225806
"2020",21,2020-05-24,27,26,26,12,15,62,29,5,24,10,0,19.43427,1,12,12,3,6.05766074049821,82,11,8,9,6,3,0,1,0,0,1,3,1,"5",0.444444444444444,0.444444444444444,0.111111111111111,0.555555555555556,0.037037037037037
"2020",21,2020-05-25,22,22,21,11,11,53,32.5,5,18,5,1,22.24883,4,7,9,6,6.6117410130734,103.5,7,5,10,3,1,0,2,0,1,0,2,0,"5",0.318181818181818,0.409090909090909,0.272727272727273,0.5,0.181818181818182
"2020",21,2020-05-26,18,18,15,9,9,65,31.75,2,11,5,0,22.24157,5,8,7,3,9.18004495211706,126.5,8,2,2,0,5,0,1,0,0,0,0,0,"5",0.444444444444444,0.388888888888889,0.166666666666667,0.5,0.277777777777778
"2020",22,2020-05-27,19,19,17,10,9,62,15.5,2,17,6,0,22.36792,4,8,6,5,5.83233383895095,127,11,3,2,3,3,0,0,0,0,0,1,0,"5",0.421052631578947,0.315789473684211,0.263157894736842,0.473684210526316,0.210526315789474
"2020",22,2020-05-28,10,10,9,4,6,69,20.25,2,8,2,0,21.708155,2,3,5,2,6.41514327678929,289.5,3,1,0,1,1,0,0,0,0,0,1,0,"5",0.3,0.5,0.2,0.6,0.2
"2020",22,2020-05-29,25,24,21,11,14,57,31,3,18,10,2,17.22869,7,10,13,2,7.675517394598,185,10,3,3,5,3,0,2,0,0,0,1,0,"5",0.4,0.52,0.08,0.56,0.28
"2020",22,2020-05-30,22,22,20,11,11,57.5,24.75,3,17,4,0,14.31198,1,10,8,4,2.61006685709638,102.5,12,7,2,3,5,0,1,0,0,0,2,0,"5",0.454545454545455,0.363636363636364,0.181818181818182,0.5,0.0454545454545455
"2020",22,2020-05-31,21,21,20,9,12,63,20,3,17,7,0,11.52032,0,11,7,3,2.18308055912759,51,9,3,6,2,6,0,0,0,0,0,1,0,"5",0.523809523809524,0.333333333333333,0.142857142857143,0.571428571428571,0
"2020",22,2020-06-01,19,19,17,8,11,61,26.5,2,12,8,1,15.45961,3,10,6,3,8.59823601188597,127,10,2,4,1,1,0,0,0,0,0,1,0,"6",0.526315789473684,0.315789473684211,0.157894736842105,0.578947368421053,0.157894736842105
"2020",22,2020-06-02,25,25,21,10,15,61,31,3,15,11,1,20.59676,8,9,12,4,6.57932816617046,260,8,1,3,3,5,0,1,0,0,0,1,0,"6",0.36,0.48,0.16,0.6,0.32
"2020",23,2020-06-03,25,25,21,11,13,65,20,1,12,6,1,20.54517,3,9,10,6,6.02733392997171,261,7,2,5,0,4,0,1,0,0,0,0,0,"6",0.36,0.4,0.24,0.52,0.12
"2020",23,2020-06-04,25,25,24,14,11,63,20,1,14,9,1,21.3106,8,11,8,6,4.2341204724033,266,9,6,3,2,7,0,1,0,0,0,0,0,"6",0.44,0.32,0.24,0.44,0.32
"2020",23,2020-06-05,22,21,19,7,15,68,19.25,2,12,4,0,20.90408,5,11,8,3,0.856254108341125,93,8,3,2,0,2,0,1,0,0,0,1,0,"6",0.5,0.363636363636364,0.136363636363636,0.681818181818182,0.227272727272727
"2020",23,2020-06-06,23,22,20,7,16,63,21.5,0,20,12,2,18.72022,6,10,8,5,2.16676355049477,175,14,2,6,1,5,0,0,0,0,0,0,2,"6",0.434782608695652,0.347826086956522,0.217391304347826,0.695652173913043,0.260869565217391
"2020",23,2020-06-07,17,17,15,9,8,62,18,2,13,5,0,15.18097,1,9,7,1,2.38583007807713,114,11,0,3,0,4,0,0,0,0,0,2,0,"6",0.529411764705882,0.411764705882353,0.0588235294117647,0.470588235294118,0.0588235294117647
"2020",23,2020-06-08,19,18,18,7,12,62,26,1,15,5,0,21.72543,0,10,7,2,7.53216546690702,83,12,2,5,0,1,0,0,0,0,0,1,0,"6",0.526315789473684,0.368421052631579,0.105263157894737,0.631578947368421,0
"2020",23,2020-06-09,19,19,17,8,11,63,18,2,12,7,1,22.38847,8,7,8,4,2.91619465574767,179,7,0,3,4,2,0,1,0,0,0,0,0,"6",0.368421052631579,0.421052631578947,0.210526315789474,0.578947368421053,0.421052631578947
"2020",24,2020-06-10,18,17,14,7,11,62.5,22.75,2,8,8,0,17.922485,8,9,6,3,5.20219168669447,59.5,5,0,2,2,0,0,1,0,0,0,1,0,"6",0.5,0.333333333333333,0.166666666666667,0.611111111111111,0.444444444444444
"2020",24,2020-06-11,16,16,13,6,10,62,20.25,1,8,5,0,18.43437,7,8,6,2,8.68880586226088,162,5,1,2,1,2,0,0,0,0,0,1,0,"6",0.5,0.375,0.125,0.625,0.4375
"2020",24,2020-06-12,17,17,14,7,10,67,14,1,11,5,0,16.23333,0,8,7,2,6.47419660197374,137,6,4,2,3,2,0,0,0,0,0,1,0,"6",0.470588235294118,0.411764705882353,0.117647058823529,0.588235294117647,0
"2020",24,2020-06-13,22,22,21,9,13,62,20.25,3,18,9,0,13.67608,0,9,10,3,6.16059587121457,141.5,11,6,8,3,4,0,0,0,0,0,3,0,"6",0.409090909090909,0.454545454545455,0.136363636363636,0.590909090909091,0
"2020",24,2020-06-14,22,22,20,8,14,61,19.5,6,17,9,1,14.22687,0,12,9,1,3.95595687575192,95.5,9,5,5,2,3,0,3,0,0,0,4,0,"6",0.545454545454545,0.409090909090909,0.0454545454545455,0.636363636363636,0
"2020",24,2020-06-15,16,15,15,7,9,61,20.5,1,11,8,1,15.69923,0,8,7,1,10.1053290945475,134.5,7,2,3,2,0,0,0,0,0,0,1,0,"6",0.5,0.4375,0.0625,0.5625,0
"2020",24,2020-06-16,18,18,16,9,9,63,20,2,14,6,0,18.984135,0,10,7,1,4.27451386659915,172,9,1,4,4,3,0,1,0,0,0,1,0,"6",0.555555555555556,0.388888888888889,0.0555555555555556,0.5,0
"2020",25,2020-06-17,16,16,14,4,11,63.5,14,3,11,7,0,20.357105,0,9,5,2,6.31675109095724,109.5,7,1,3,2,2,0,0,0,0,0,3,0,"6",0.5625,0.3125,0.125,0.6875,0
"2020",25,2020-06-18,19,19,16,7,12,63,19.5,1,13,4,0,22.19795,1,11,7,1,1.63139434052258,88,8,5,4,1,1,0,1,0,0,0,0,0,"6",0.578947368421053,0.368421052631579,0.0526315789473684,0.631578947368421,0.0526315789473684
"2020",25,2020-06-19,23,23,21,11,12,63,14,2,17,7,0,23.4679,6,12,8,3,2.87221898894386,137,10,3,4,2,5,0,1,0,0,0,1,0,"6",0.521739130434783,0.347826086956522,0.130434782608696,0.521739130434783,0.260869565217391
"2020",25,2020-06-20,18,18,17,7,11,65.5,13.75,0,13,8,0,21.7031,9,9,9,0,4.67897394146917,115.5,9,3,3,1,1,0,0,0,0,0,0,0,"6",0.5,0.5,0,0.611111111111111,0.5
"2020",25,2020-06-21,19,19,17,8,11,62,16.5,3,15,10,0,22.07066,7,7,10,2,4.92124255314783,216,11,1,5,3,2,0,3,0,0,0,0,0,"6",0.368421052631579,0.526315789473684,0.105263157894737,0.578947368421053,0.368421052631579
"2020",25,2020-06-22,18,18,15,10,8,65.5,18.5,2,10,7,0,20.73374,6,8,7,3,7.27139709641853,161.5,7,4,5,1,2,0,2,0,0,0,0,0,"6",0.444444444444444,0.388888888888889,0.166666666666667,0.444444444444444,0.333333333333333
"2020",25,2020-06-23,19,19,16,9,10,62,20,2,12,6,0,18.01188,5,10,7,2,5.88878660286242,140,8,2,3,2,2,0,0,0,0,1,1,1,"6",0.526315789473684,0.368421052631579,0.105263157894737,0.526315789473684,0.263157894736842
"2020",26,2020-06-24,18,18,11,7,11,65,20,2,7,6,0,18.11517,8,8,8,2,5.63474508372699,204,4,1,1,2,0,0,1,0,0,0,1,0,"6",0.444444444444444,0.444444444444444,0.111111111111111,0.611111111111111,0.444444444444444
"2020",26,2020-06-25,18,17,15,9,9,60,27.5,3,12,7,0,20.20151,2,8,7,3,5.25177532588516,183.5,8,3,2,3,1,0,2,0,0,0,1,0,"6",0.444444444444444,0.388888888888889,0.166666666666667,0.5,0.111111111111111
"2020",26,2020-06-26,22,22,18,10,11,63,12,1,13,8,0,20.86297,11,9,9,4,2.55891015621768,207,7,0,5,2,2,0,1,0,0,0,0,0,"6",0.409090909090909,0.409090909090909,0.181818181818182,0.5,0.5
"2020",26,2020-06-27,18,18,16,7,11,65,12.75,2,10,5,1,21.213315,3,9,8,1,3.67578411014757,135.5,8,2,6,2,3,0,0,0,0,0,1,0,"6",0.5,0.444444444444444,0.0555555555555556,0.611111111111111,0.166666666666667
"2020",26,2020-06-28,18,18,16,7,11,65,12.25,3,11,7,1,22.203815,12,9,8,1,3.895897262313,136.5,8,2,2,2,3,0,1,0,0,0,2,0,"6",0.5,0.444444444444444,0.0555555555555556,0.611111111111111,0.666666666666667
"2020",26,2020-06-29,18,18,12,8,10,61.5,14.25,0,9,6,0,22.1122,12,7,7,4,6.91212947713715,189,4,2,2,3,1,0,0,0,0,0,0,0,"6",0.388888888888889,0.388888888888889,0.222222222222222,0.555555555555556,0.666666666666667
"2020",26,2020-06-30,19,19,12,7,12,63,25,1,7,7,0,21.0679,9,7,9,3,5.65681734052743,208,3,1,2,1,2,0,0,0,0,0,1,0,"6",0.368421052631579,0.473684210526316,0.157894736842105,0.631578947368421,0.473684210526316
"2020",27,2020-07-01,15,15,10,6,9,67,22,1,8,4,0,21.63103,3,7,7,1,2.65172806252407,177,6,1,2,1,1,0,0,0,0,0,1,0,"7",0.466666666666667,0.466666666666667,0.0666666666666667,0.6,0.2
"2020",27,2020-07-02,19,18,15,7,12,62,17.5,2,12,2,0,23.59257,5,10,8,1,1.16776875554842,145,6,1,4,2,3,0,1,0,0,0,1,0,"7",0.526315789473684,0.421052631578947,0.0526315789473684,0.631578947368421,0.263157894736842
"2020",27,2020-07-03,22,22,18,9,13,62.5,18.25,3,15,5,0,24.081595,5,10,10,2,4.46082584166552,173,10,4,5,4,2,0,0,0,0,0,3,0,"7",0.454545454545455,0.454545454545455,0.0909090909090909,0.590909090909091,0.227272727272727
"2020",27,2020-07-04,24,24,22,12,12,62.5,25.5,3,17,8,1,24.08966,1,10,10,4,3.33276273118525,229,8,2,6,7,6,0,0,0,0,0,2,0,"7",0.416666666666667,0.416666666666667,0.166666666666667,0.5,0.0416666666666667
"2020",27,2020-07-05,18,18,16,7,11,64.5,18.25,1,10,6,1,24.352065,3,8,8,2,4.53995122111178,232,6,2,3,3,2,0,1,0,0,0,0,0,"7",0.444444444444444,0.444444444444444,0.111111111111111,0.611111111111111,0.166666666666667
"2020",27,2020-07-06,21,20,17,7,14,61,23,1,10,5,0,24.78522,6,8,10,3,9.22847079666446,236,5,2,4,0,2,0,1,0,0,0,0,0,"7",0.380952380952381,0.476190476190476,0.142857142857143,0.666666666666667,0.285714285714286
"2020",27,2020-07-07,23,22,19,9,13,62,16.5,2,15,9,0,24.0364,8,12,8,3,5.94601635792373,147,9,2,5,2,3,0,1,0,0,0,1,0,"7",0.521739130434783,0.347826086956522,0.130434782608696,0.565217391304348,0.347826086956522
"2020",28,2020-07-08,18,18,12,10,8,62.5,13.5,2,12,7,0,23.87683,14,10,5,3,4.72712071212852,138.5,5,3,3,4,1,0,1,0,0,0,1,0,"7",0.555555555555556,0.277777777777778,0.166666666666667,0.444444444444444,0.777777777777778
"2020",28,2020-07-09,15,15,12,9,6,68,14.5,1,7,6,0,23.9095,6,8,4,3,4.78862982501531,145,3,3,0,3,1,0,1,0,0,0,0,0,"7",0.533333333333333,0.266666666666667,0.2,0.4,0.4
"2020",28,2020-07-10,16,16,13,9,7,62,35.5,1,9,4,0,22.095175,8,8,7,1,5.23167419678187,243.5,5,1,3,3,2,0,0,0,0,0,1,0,"7",0.5,0.4375,0.0625,0.4375,0.5
"2020",28,2020-07-11,18,18,16,8,10,57,35,1,8,6,1,23.14374,6,6,11,1,4.36674803916714,791,6,3,2,3,3,0,0,0,0,0,1,0,"7",0.333333333333333,0.611111111111111,0.0555555555555556,0.555555555555556,0.333333333333333
"2020",28,2020-07-12,15,15,14,6,9,62,14,1,11,7,0,20.85817,3,8,6,1,3.14568441464768,95,6,1,5,0,2,0,0,0,0,0,1,0,"7",0.533333333333333,0.4,0.0666666666666667,0.6,0.2
"2020",28,2020-07-13,12,12,10,6,6,60.5,21.5,0,6,5,0,21.19836,3,4,6,2,8.71289240563824,825,3,1,2,2,2,0,0,0,0,0,0,0,"7",0.333333333333333,0.5,0.166666666666667,0.5,0.25
"2020",28,2020-07-14,11,11,8,4,7,62,16,0,4,3,0,20.95094,8,5,6,0,4.891576877479,279,2,0,0,2,0,0,0,0,0,0,0,0,"7",0.454545454545455,0.545454545454545,0,0.636363636363636,0.727272727272727
"2020",29,2020-07-15,13,13,10,4,9,58,34,2,6,3,0,20.13998,4,5,6,2,5.6060743164486,326,2,0,4,1,0,0,1,0,0,0,0,0,"7",0.384615384615385,0.461538461538462,0.153846153846154,0.692307692307692,0.307692307692308
"2020",29,2020-07-16,17,16,16,8,8,62,18,1,12,5,0,20.12703,1,10,6,1,3.45678755886357,147,9,3,4,1,6,0,1,0,0,0,0,0,"7",0.588235294117647,0.352941176470588,0.0588235294117647,0.470588235294118,0.0588235294117647
"2020",29,2020-07-17,17,17,14,9,8,62,14,1,10,5,0,22.84282,6,10,7,0,1.74916611177175,147,6,1,4,0,1,0,1,0,0,0,0,0,"7",0.588235294117647,0.411764705882353,0,0.470588235294118,0.352941176470588
"2020",29,2020-07-18,11,11,11,5,6,68,10.5,1,9,4,0,23.87438,3,7,3,1,3.32951753850819,47,5,2,3,1,2,0,0,0,0,0,1,0,"7",0.636363636363636,0.272727272727273,0.0909090909090909,0.545454545454545,0.272727272727273
"2020",29,2020-07-19,14,14,9,6,8,68,7.5,1,7,4,0,24.60581,2,8,6,0,3.48486778882106,99,5,2,4,0,1,0,1,0,0,0,0,0,"7",0.571428571428571,0.428571428571429,0,0.571428571428571,0.142857142857143
"2020",29,2020-07-20,16,16,15,7,9,65.5,12.5,2,10,6,0,22.98034,1,8,8,0,6.54584117492801,131,4,2,5,3,1,0,0,0,0,0,2,0,"7",0.5,0.5,0,0.5625,0.0625
"2020",29,2020-07-21,17,16,15,7,9,63,13,2,12,10,0,21.78339,5,10,6,1,2.29626057309314,116,6,1,3,3,3,0,1,0,0,0,1,0,"7",0.588235294117647,0.352941176470588,0.0588235294117647,0.529411764705882,0.294117647058824
"2020",30,2020-07-22,13,13,12,7,6,62,14,0,10,7,0,20.44273,4,7,5,1,3.70139337851036,247,5,1,3,1,2,0,0,0,0,0,0,0,"7",0.538461538461538,0.384615384615385,0.0769230769230769,0.461538461538462,0.307692307692308
"2020",30,2020-07-23,15,15,14,6,9,63,9.5,0,12,4,0,20.44111,7,10,5,0,1.37615594274116,80,5,3,2,2,3,0,0,0,0,0,0,0,"7",0.666666666666667,0.333333333333333,0,0.6,0.466666666666667
"2020",30,2020-07-24,15,15,14,6,8,63,8.5,2,10,6,0,22.00069,0,10,5,0,1.61403794718134,80,5,3,5,1,4,0,0,0,0,0,2,0,"7",0.666666666666667,0.333333333333333,0,0.533333333333333,0
"2020",30,2020-07-25,11,11,10,6,5,68,12,1,7,6,0,23.88221,3,7,4,0,-0.762730943908533,62,4,1,4,2,0,0,0,0,0,0,1,0,"7",0.636363636363636,0.363636363636364,0,0.454545454545455,0.272727272727273
"2020",30,2020-07-26,12,12,10,5,7,65.5,11.75,1,8,5,0,24.95039,3,6,6,0,3.52753968222117,325,6,0,2,0,1,0,0,0,0,0,1,0,"7",0.5,0.5,0,0.583333333333333,0.25
"2020",30,2020-07-27,13,13,10,6,7,68,8,1,7,3,0,25.02427,2,7,6,0,8.22673429908282,132,6,1,3,0,1,0,0,0,0,0,1,0,"7",0.538461538461538,0.461538461538462,0,0.538461538461538,0.153846153846154
"2020",30,2020-07-28,16,16,15,8,7,66.5,9,3,11,4,0,22.81741,2,9,7,0,4.02822290792702,234,6,2,2,1,1,0,1,0,0,0,1,0,"7",0.5625,0.4375,0,0.4375,0.125
"2020",31,2020-07-29,13,13,10,5,8,67,13,0,9,6,0,23.79782,3,5,7,1,6.13619241686457,374,5,2,3,2,0,0,0,0,0,0,0,0,"7",0.384615384615385,0.538461538461538,0.0769230769230769,0.615384615384615,0.230769230769231
"2020",31,2020-07-30,12,12,10,5,7,65,14.25,0,8,5,0,21.384135,7,5,6,1,4.27228620995878,273.5,5,0,3,1,1,0,0,0,0,0,0,0,"7",0.416666666666667,0.5,0.0833333333333333,0.583333333333333,0.583333333333333
